Date,Name,Year,Letterboxd URI
2024-11-28,The Substance,2024,https://boxd.it/zanS
2024-11-28,The Wolf of Wall Street,2013,https://boxd.it/3C1m
2024-11-28,Babylon,2022,https://boxd.it/mM02
2024-11-28,Interstellar,2014,https://boxd.it/4VZ8
2024-11-28,Irreversible,2002,https://boxd.it/29as
2024-11-28,Shutter Island,2010,https://boxd.it/1U82
2024-11-28,Cars,2006,https://boxd.it/29ho
2024-11-28,Beauty and the Beast,1991,https://boxd.it/1XhG
2024-11-28,Truth or Dare,2018,https://boxd.it/grIA
2024-11-28,Scarface,1983,https://boxd.it/2b7g
2024-11-28,Reservoir Dogs,1992,https://boxd.it/2agc
2024-11-28,Pulp Fiction,1994,https://boxd.it/29Pq
2024-11-28,Django Unchained,2012,https://boxd.it/2cCk
2024-11-28,Saw,2004,https://boxd.it/2aWW
2024-11-28,Saw X,2023,https://boxd.it/zUWk
2024-11-28,Amadeus,1984,https://boxd.it/2aH8
2024-11-28,Bohemian Rhapsody,2018,https://boxd.it/f1TK
2024-11-28,John Wick: Chapter 4,2023,https://boxd.it/mh48
2024-11-28,John Wick,2014,https://boxd.it/7dEc
2024-11-28,John Wick: Chapter 2,2017,https://boxd.it/ayGu
2024-11-28,John Wick: Chapter 3 – Parabellum,2019,https://boxd.it/gmFw
2024-11-28,Parasite,2019,https://boxd.it/hTha
2024-11-28,Oldboy,2003,https://boxd.it/29R2
2024-11-28,Black Swan,2010,https://boxd.it/Sw0
2024-11-28,Blood Diamond,2006,https://boxd.it/28Tm
2024-11-28,The Social Network,2010,https://boxd.it/17ue
2024-11-28,The African Doctor,2016,https://boxd.it/dLRG
2024-11-28,Carbone,2017,https://boxd.it/f8sQ
2024-11-28,The Conjuring,2013,https://boxd.it/4sr2
2024-11-28,The Conjuring 2,2016,https://boxd.it/7GJg
2024-11-28,The Conjuring: The Devil Made Me Do It,2021,https://boxd.it/eXZY
2024-11-28,It,2017,https://boxd.it/bC8e
2024-11-28,The Hangover,2009,https://boxd.it/1GjK
2024-11-28,The Hangover Part II,2011,https://boxd.it/PZI
2024-11-28,The Hangover Part III,2013,https://boxd.it/3GNY
2024-11-28,Gladiator,2000,https://boxd.it/2b9m
2024-11-28,My Life as a Zucchini,2016,https://boxd.it/dL2y
2024-11-28,The Pursuit of Happyness,2006,https://boxd.it/28PE
2024-11-28,Revenge,2017,https://boxd.it/gL9g
2024-11-28,Midsommar,2019,https://boxd.it/jhxe
2024-11-28,Dune,2021,https://boxd.it/fA7G
2024-11-28,mother!,2017,https://boxd.it/dgRU
2024-11-28,Sorry to Bother You,2018,https://boxd.it/f21E
2024-11-28,Spider-Man: Into the Spider-Verse,2018,https://boxd.it/azpY
2024-11-28,Blade Runner 2049,2017,https://boxd.it/b8wK
2024-11-28,Raw,2016,https://boxd.it/dLd2
2024-11-28,Her,2013,https://boxd.it/4O24
2024-11-28,Good Will Hunting,1997,https://boxd.it/2ahY
2024-11-28,Up,2009,https://boxd.it/1OEc
2024-11-28,The Truman Show,1998,https://boxd.it/18U8
2024-11-28,Eternal Sunshine of the Spotless Mind,2004,https://boxd.it/6YK
2024-11-28,The Lion King,1994,https://boxd.it/201Q
2024-11-28,Howl's Moving Castle,2004,https://boxd.it/23De
2024-11-28,Moonlight,2016,https://boxd.it/d6bE
2024-11-28,How to Train Your Dragon: The Hidden World,2019,https://boxd.it/5a9w
2024-11-28,WALL·E,2008,https://boxd.it/1VEo
2024-11-28,Drive,2011,https://boxd.it/IG
2024-11-28,Whiplash,2014,https://boxd.it/7bQA
2024-11-28,1917,2019,https://boxd.it/jj4y
2024-11-28,Requiem for a Dream,2000,https://boxd.it/29VI
2024-11-28,Princess Mononoke,1997,https://boxd.it/2b4w
2024-11-28,Dunkirk,2017,https://boxd.it/d0Y6
2024-11-28,The Intouchables,2011,https://boxd.it/2FT0
2024-11-28,The Hunt,2012,https://boxd.it/3wEC
2024-11-28,My Neighbor Totoro,1988,https://boxd.it/20eA
2024-11-28,Lion,2016,https://boxd.it/b2La
2024-11-28,Fight Club,1999,https://boxd.it/2a9q
2024-11-28,Titanic,1997,https://boxd.it/2a2k
2024-11-28,Finding Nemo,2003,https://boxd.it/72i
2024-11-28,The Godfather Part II,1974,https://boxd.it/2aNq
2024-11-28,Memento,2000,https://boxd.it/2bcK
2024-11-28,La Haine,1995,https://boxd.it/2as8
2024-11-28,The Shining,1980,https://boxd.it/29Nu
2024-11-28,The Dark Knight,2008,https://boxd.it/2b0k
2024-11-28,The Grand Budapest Hotel,2014,https://boxd.it/3ZqO
2024-11-28,Ratatouille,2007,https://boxd.it/27ww
2024-11-28,Se7en,1995,https://boxd.it/29zs
2024-11-28,Spider-Man 2,2004,https://boxd.it/2a88
2024-11-28,Prisoners,2013,https://boxd.it/4E5i
2024-11-28,Taxi Driver,1976,https://boxd.it/2b8y
2024-11-28,Uncharted,2022,https://boxd.it/b5Dy
2024-11-28,Uglies,2024,https://boxd.it/sUKu
2024-11-28,The Dirt,2019,https://boxd.it/aGN4
2024-11-28,The Godfather,1972,https://boxd.it/2aNK
2024-11-28,Neon Genesis Evangelion: The End of Evangelion,1997,https://boxd.it/1GRM
2024-11-29,mid90s,2018,https://boxd.it/fxIa
2024-11-29,Akira,1988,https://boxd.it/2b1i
2024-11-29,12 Angry Men,1957,https://boxd.it/2auI
2024-11-29,Smile,2022,https://boxd.it/xjfE
2024-11-29,Despicable Me 2,2013,https://boxd.it/3gg0
2024-11-29,The Incredible Hulk,2008,https://boxd.it/28dU
2024-11-29,Bee Movie,2007,https://boxd.it/22Vw
2024-11-29,Cars 2,2011,https://boxd.it/H4Y
2024-11-29,Casino Royale,2006,https://boxd.it/1alk
2024-11-29,Maleficent,2014,https://boxd.it/3v1u
2024-11-29,La La Land,2016,https://boxd.it/a5fa
2024-11-29,Ready or Not,2019,https://boxd.it/kOf0
2024-11-29,Soft & Quiet,2022,https://boxd.it/zd2o
2024-11-30,Barbie,2023,https://boxd.it/bCLK
2024-11-30,Oppenheimer,2023,https://boxd.it/wUow
2024-11-30,Joker,2019,https://boxd.it/h4cS
2024-11-30,Get Out,2017,https://boxd.it/eOCm
2024-11-30,Knives Out,2019,https://boxd.it/jWEA
2024-11-30,The Batman,2022,https://boxd.it/eDGs
2024-11-30,Inception,2010,https://boxd.it/1skk
2024-11-30,Spider-Man: Across the Spider-Verse,2023,https://boxd.it/kSz4
2024-11-30,American Psycho,2000,https://boxd.it/28Vs
2024-11-30,Spider-Man: No Way Home,2021,https://boxd.it/nwRw
2024-11-30,Gone Girl,2014,https://boxd.it/6hQu
2024-11-30,Once Upon a Time... in Hollywood,2019,https://boxd.it/gH0O
2024-11-30,Inglourious Basterds,2009,https://boxd.it/1JzG
2024-11-30,Kill Bill: Vol. 1,2003,https://boxd.it/70w
2024-11-30,Avengers: Infinity War,2018,https://boxd.it/9vEe
2024-11-30,Baby Driver,2017,https://boxd.it/bhF2
2024-11-30,Avengers: Endgame,2019,https://boxd.it/9vE4
2024-11-30,Hereditary,2018,https://boxd.it/hNVe
2024-11-30,Glass Onion,2022,https://boxd.it/oCkK
2024-11-30,The Matrix,1999,https://boxd.it/2a1m
2024-11-30,Deadpool,2016,https://boxd.it/9fOC
2024-11-30,Pearl,2022,https://boxd.it/zPbe
2024-11-30,Don't Look Up,2021,https://boxd.it/o0Hc
2024-11-30,Harry Potter and the Prisoner of Azkaban,2004,https://boxd.it/29Qy
2024-11-30,Back to the Future,1985,https://boxd.it/2b8e
2024-11-30,Star Wars,1977,https://boxd.it/72s
2024-11-30,X,2022,https://boxd.it/sxVa
2024-11-30,Us,2019,https://boxd.it/gnV6
2024-11-30,The Hunger Games,2012,https://boxd.it/2uds
2024-11-30,Spider-Man: Homecoming,2017,https://boxd.it/aboM
2024-11-30,Top Gun: Maverick,2022,https://boxd.it/cjr4
2024-11-30,Harry Potter and the Philosopher's Stone,2001,https://boxd.it/29QS
2024-11-30,The Lighthouse,2019,https://boxd.it/icFU
2024-11-30,No Country for Old Men,2007,https://boxd.it/21ew
2024-11-30,The Avengers,2012,https://boxd.it/1xFW
2024-11-30,Spider-Man: Far From Home,2019,https://boxd.it/fegG
2024-11-30,Catch Me If You Can,2002,https://boxd.it/29VS
2024-11-30,Shrek,2001,https://boxd.it/29zi
2024-11-30,Spider-Man,2002,https://boxd.it/2a8i
2024-11-30,Lost in Translation,2003,https://boxd.it/2b0E
2024-11-30,Nightcrawler,2014,https://boxd.it/780m
2024-11-30,The Incredibles,2004,https://boxd.it/1XLm
2024-11-30,Iron Man,2008,https://boxd.it/28dA
2024-11-30,The Hunger Games: The Ballad of Songbirds & Snakes,2023,https://boxd.it/pZCY
2024-11-30,"Monsters, Inc.",2001,https://boxd.it/2a46
2024-11-30,Harry Potter and the Goblet of Fire,2005,https://boxd.it/29Qo
2024-11-30,Harry Potter and the Chamber of Secrets,2002,https://boxd.it/29QI
2024-11-30,Captain America: Civil War,2016,https://boxd.it/89Ja
2024-11-30,The Prestige,2006,https://boxd.it/293w
2024-11-30,The Hunger Games: Catching Fire,2013,https://boxd.it/3sAw
2024-11-30,Barbarian,2022,https://boxd.it/yohi
2024-11-30,Harry Potter and the Deathly Hallows: Part 2,2011,https://boxd.it/1RYk
2024-11-30,Star Wars: The Force Awakens,2015,https://boxd.it/4vru
2024-11-30,Captain America: The Winter Soldier,2014,https://boxd.it/3r58
2024-11-30,Split,2016,https://boxd.it/dgSy
2024-11-30,Harry Potter and the Order of the Phoenix,2007,https://boxd.it/29Qe
2024-11-30,Shrek 2,2004,https://boxd.it/29z8
2024-11-30,Ex Machina,2015,https://boxd.it/7T2k
2024-11-30,Avengers: Age of Ultron,2015,https://boxd.it/3qi6
2024-11-30,Harry Potter and the Half-Blood Prince,2009,https://boxd.it/29FU
2024-11-30,Pirates of the Caribbean: The Curse of the Black Pearl,2003,https://boxd.it/70G
2024-11-30,Star Wars: The Last Jedi,2017,https://boxd.it/5xme
2024-11-30,Saving Private Ryan,1998,https://boxd.it/29ro
2024-11-30,The Great Gatsby,2013,https://boxd.it/JY
2024-11-30,BlacKkKlansman,2018,https://boxd.it/hxL8
2024-11-30,Star Wars: Episode II – Attack of the Clones,2002,https://boxd.it/27V2
2024-11-30,The Sixth Sense,1999,https://boxd.it/29Js
2024-11-30,Iron Man 3,2013,https://boxd.it/2cBQ
2024-12-02,Demolition,2015,https://boxd.it/9GuY
2024-12-08,Incendies,2010,https://boxd.it/Msm
2024-12-12,Guardians of the Galaxy,2014,https://boxd.it/3VH2
2024-12-12,A Quiet Place,2018,https://boxd.it/fVJQ
2024-12-13,Titane,2021,https://boxd.it/nlQC
2024-12-14,The Whole Truth,2016,https://boxd.it/aSwk
2024-12-15,The Florida Project,2017,https://boxd.it/dMG0
2024-12-15,Indiana Jones and the Last Crusade,1989,https://boxd.it/2baO
2024-12-15,Indiana Jones and the Temple of Doom,1984,https://boxd.it/2bb8
2024-12-15,Indiana Jones and the Kingdom of the Crystal Skull,2008,https://boxd.it/2aR8
2024-12-15,The Silence of the Lambs,1991,https://boxd.it/2aHW
2024-12-15,The Great Dictator,1940,https://boxd.it/29ic
2024-12-16,The Strangers,2008,https://boxd.it/1VGY
2024-12-18,Heretic,2024,https://boxd.it/H1lY
2024-12-18,Spotlight,2015,https://boxd.it/a84k
2024-12-18,Training Day,2001,https://boxd.it/27A4
2024-12-18,The Hunt,2020,https://boxd.it/iE9i
2024-12-18,We're the Millers,2013,https://boxd.it/4srQ
2024-12-18,Nerve,2016,https://boxd.it/aJIc
2024-12-18,Scream,1996,https://boxd.it/24EC
2024-12-18,Saw II,2005,https://boxd.it/2aRs
2024-12-18,Another Round,2020,https://boxd.it/lkba
2024-12-18,Indiana Jones and the Dial of Destiny,2023,https://boxd.it/b8vM
2024-12-18,Fantastic Beasts and Where to Find Them,2016,https://boxd.it/7FPC
2024-12-18,Doctor Strange,2016,https://boxd.it/8MH8
2024-12-19,Sinister,2012,https://boxd.it/2TnW
2024-12-19,Sinister 2,2015,https://boxd.it/8L58
2024-12-19,Friend Request,2016,https://boxd.it/cKRy
2024-12-19,The Equalizer,2014,https://boxd.it/4TUK
2024-12-19,The Equalizer 2,2018,https://boxd.it/bAEW
2024-12-19,Taken,2008,https://boxd.it/1ZXa
2024-12-19,Taken 2,2012,https://boxd.it/2TWi
2024-12-19,Taken 3,2014,https://boxd.it/7Iqq
2024-12-19,Passengers,2016,https://boxd.it/8lFu
2024-12-19,Unfriended: Dark Web,2018,https://boxd.it/ifs0
2024-12-19,The Three Brothers,1995,https://boxd.it/17PG
2024-12-19,The Game,1997,https://boxd.it/26vC
2024-12-19,The Platform,2019,https://boxd.it/mUm6
2024-12-19,The Platform 2,2024,https://boxd.it/Gz88
2024-12-19,Black Box,2021,https://boxd.it/oGm6
2024-12-19,Leave the World Behind,2023,https://boxd.it/re0i
2024-12-19,Paradise,2023,https://boxd.it/H7co
2024-12-19,Escape Room,2019,https://boxd.it/iYlS
2024-12-19,Escape Room: Tournament of Champions,2021,https://boxd.it/lwCM
2024-12-19,Damsel,2024,https://boxd.it/sFY2
2024-12-19,Demon Slayer -Kimetsu no Yaiba- The Movie: Mugen Train,2020,https://boxd.it/nyLU
2024-12-19,Nowhere,2023,https://boxd.it/HypO
2024-12-19,Burn Out,2017,https://boxd.it/grLu
2024-12-19,Curve,2015,https://boxd.it/bFks
2024-12-19,Annabelle: Creation,2017,https://boxd.it/dSxe
2024-12-19,I Am Mother,2019,https://boxd.it/ihNE
2024-12-19,Kingsman: The Secret Service,2014,https://boxd.it/6dxe
2024-12-19,"OSS 117: Cairo, Nest of Spies",2006,https://boxd.it/1MIm
2024-12-19,OSS 117: Lost in Rio,2009,https://boxd.it/1LVu
2024-12-19,OSS 117: From Africa with Love,2021,https://boxd.it/mjce
2024-12-19,Budapest,2018,https://boxd.it/gKK6
2024-12-19,Suicide Squad,2016,https://boxd.it/9row
2024-12-19,Dogman,2023,https://boxd.it/zD38
2024-12-19,Jumanji: Welcome to the Jungle,2017,https://boxd.it/bUeE
2024-12-19,Jumanji: The Next Level,2019,https://boxd.it/ixu4
2024-12-19,Hollywoo,2011,https://boxd.it/2MVM
2024-12-19,Neuilly Yo Mama!,2009,https://boxd.it/1tmw
2024-12-19,"Neuilly sa mère, sa mère !",2018,https://boxd.it/hjZg
2024-12-19,Baywatch,2017,https://boxd.it/biG6
2024-12-19,Gangsterdam,2017,https://boxd.it/evC8
2024-12-19,"Extremely Wicked, Shockingly Evil and Vile",2019,https://boxd.it/glCG
2024-12-19,Hitman,2007,https://boxd.it/28sU
2024-12-19,The Translators,2019,https://boxd.it/h8gk
2024-12-19,American Sniper,2014,https://boxd.it/5LDy
2024-12-19,Venom,2018,https://boxd.it/b8wA
2024-12-19,Venom: Let There Be Carnage,2021,https://boxd.it/llco
2024-12-19,Money Monster,2016,https://boxd.it/9GCS
2024-12-19,Marriage Story,2019,https://boxd.it/hJAw
2024-12-19,They Cloned Tyrone,2023,https://boxd.it/rE7a
2024-12-19,Ready Player One,2018,https://boxd.it/aZes
2024-12-19,Black Mirror: Bandersnatch,2018,https://boxd.it/kTDG
2024-12-19,The Night of the 12th,2022,https://boxd.it/yQoG
2024-12-19,The Perfection,2018,https://boxd.it/jgxW
2024-12-19,Ava,2020,https://boxd.it/jFH8
2024-12-19,The Climb,2017,https://boxd.it/eTWm
2024-12-19,How to Train Your Dragon,2010,https://boxd.it/1WRy
2024-12-19,How to Train Your Dragon 2,2014,https://boxd.it/2TRW
2024-12-19,Problemos,2017,https://boxd.it/g2IU
2024-12-19,Five,2016,https://boxd.it/dh4a
2024-12-19,Kung Fu Panda,2008,https://boxd.it/1Yws
2024-12-19,Kung Fu Panda 2,2011,https://boxd.it/G36
2024-12-19,Gold Brick,2023,https://boxd.it/H78m
2024-12-19,"Good Guys Go to Heaven, Bad Guys Go to Pattaya",2016,https://boxd.it/8tkE
2024-12-19,Daddy or Mommy,2015,https://boxd.it/al9C
2024-12-19,Divorce French Style,2016,https://boxd.it/dk7Q
2024-12-19,The Babysitter,2017,https://boxd.it/eP1w
2024-12-19,Fantomas,1964,https://boxd.it/27YA
2024-12-19,Society of the Snow,2023,https://boxd.it/y9aw
2024-12-19,Rose Island,2020,https://boxd.it/nBlq
2024-12-19,Fair Play,2023,https://boxd.it/yirc
2024-12-19,All Quiet on the Western Front,2022,https://boxd.it/H08
2024-12-19,The Wonderful Story of Henry Sugar,2023,https://boxd.it/yNyo
2024-12-19,Athena,2022,https://boxd.it/waii
2024-12-19,Asphalt Playground,2012,https://boxd.it/5v6S
2024-12-19,Blonde,2022,https://boxd.it/9AG0
2024-12-19,The Package,2018,https://boxd.it/ibD4
2024-12-19,Ford v Ferrari,2019,https://boxd.it/ce74
2024-12-19,Tenet,2020,https://boxd.it/leq4
2024-12-19,Bullet Train,2022,https://boxd.it/qW26
2024-12-19,Murder Mystery,2019,https://boxd.it/iEBm
2024-12-19,Edge of Tomorrow,2014,https://boxd.it/4pD0
2024-12-19,The Chorus,2004,https://boxd.it/22X8
2024-12-19,Life Is Beautiful,1997,https://boxd.it/29Wm
2024-12-19,Peter Pan,2003,https://boxd.it/1VQY
2024-12-19,Pan,2015,https://boxd.it/7XYi
2024-12-19,Dragon Ball Super: Broly,2018,https://boxd.it/iaWE
2024-12-19,Dragon Ball Z: Battle of Gods,2013,https://boxd.it/4a0C
2024-12-19,Scooby-Doo,2002,https://boxd.it/1YaQ
2024-12-19,Azur & Asmar: The Princes' Quest,2006,https://boxd.it/1FQy
2024-12-19,Kirikou and the Sorceress,1998,https://boxd.it/1C3y
2024-12-19,Kirikou and the Wild Beasts,2005,https://boxd.it/1PE8
2024-12-19,Kirikou and the Men and Women,2012,https://boxd.it/4tJw
2024-12-19,It Boy,2013,https://boxd.it/5kkE
2024-12-19,A Perfect Man,2015,https://boxd.it/asgK
2024-12-19,Hotel Transylvania,2012,https://boxd.it/2DF6
2024-12-19,Hotel Transylvania 2,2015,https://boxd.it/4ZLk
2024-12-19,Pixels,2015,https://boxd.it/7BaA
2024-12-19,That's My Boy,2012,https://boxd.it/35IW
2024-12-19,Charlie and the Chocolate Factory,2005,https://boxd.it/2b68
2024-12-19,War Dogs,2016,https://boxd.it/9SlO
2024-12-19,Jurassic Park,1993,https://boxd.it/2aA2
2024-12-19,Fast & Furious,2009,https://boxd.it/1Pnm
2024-12-19,The Lord of the Rings: The Fellowship of the Ring,2001,https://boxd.it/2b5O
2024-12-19,Frozen,2013,https://boxd.it/3GNa
2024-12-19,The Twelve Tasks of Asterix,1976,https://boxd.it/1YOG
2024-12-19,The King's Speech,2010,https://boxd.it/dX0
2024-12-19,The Simpsons Movie,2007,https://boxd.it/6YU
2024-12-19,The King and the Mockingbird,1980,https://boxd.it/1At0
2024-12-19,Fear City: A Family-Style Comedy,1994,https://boxd.it/1MOO
2024-12-19,Rogue One: A Star Wars Story,2016,https://boxd.it/aPvy
2024-12-19,French Fried Vacation 2,1979,https://boxd.it/1f02
2024-12-19,The Wolf's Call,2019,https://boxd.it/hqkE
2024-12-19,Despicable Me,2010,https://boxd.it/1DD8
2024-12-19,Despicable Me 3,2017,https://boxd.it/azpu
2024-12-19,Skyfall,2012,https://boxd.it/17Fc
2024-12-19,Jaws,1975,https://boxd.it/2a5e
2024-12-19,Life,2017,https://boxd.it/dRqG
2024-12-19,Allied,2016,https://boxd.it/cP42
2024-12-19,The Big Short,2015,https://boxd.it/ajZw
2024-12-19,12 Years a Slave,2013,https://boxd.it/2D2e
2024-12-19,World War Z,2013,https://boxd.it/2p2E
2024-12-19,Ocean's Eleven,2001,https://boxd.it/2aZm
2024-12-19,Ocean's Thirteen,2007,https://boxd.it/2aEy
2024-12-19,Ocean's Twelve,2004,https://boxd.it/2aZ2
2024-12-19,Troy,2004,https://boxd.it/29TW
2024-12-19,Sleepers,1996,https://boxd.it/29xw
2024-12-19,Toy Story,1995,https://boxd.it/29qA
2024-12-19,Sully,2016,https://boxd.it/cD8Q
2024-12-19,The Terminal,2004,https://boxd.it/2a2O
2024-12-19,The Guilty,2021,https://boxd.it/kOPW
2024-12-19,Gravity,2013,https://boxd.it/GZY
2024-12-19,1922,2017,https://boxd.it/g8CS
2024-12-19,The Help,2011,https://boxd.it/EDm
2024-12-19,Rise of the Planet of the Apes,2011,https://boxd.it/cS4
2024-12-19,Dawn of the Planet of the Apes,2014,https://boxd.it/3XyQ
2024-12-19,The Karate Kid,2010,https://boxd.it/15HA
2024-12-19,Now You See Me,2013,https://boxd.it/2Bsu
2024-12-19,Now You See Me 2,2016,https://boxd.it/99fw
2024-12-19,Divergent,2014,https://boxd.it/4VT0
2024-12-19,Insurgent,2015,https://boxd.it/7NNa
2024-12-19,Allegiant,2016,https://boxd.it/7NNE
2024-12-19,Countdown,2019,https://boxd.it/m83K
2024-12-19,The Woman in the Window,2021,https://boxd.it/iT56
2024-12-19,Schindler's List,1993,https://boxd.it/2aq2
2024-12-19,The Green Mile,1999,https://boxd.it/2agG
2024-12-19,Fractured,2019,https://boxd.it/kPL2
2024-12-19,Trap,2024,https://boxd.it/D4nK
2024-12-19,The Usual Suspects,1995,https://boxd.it/29XE
2024-12-19,Red Dragon,2002,https://boxd.it/1Yrs
2024-12-19,"Crazy, Stupid, Love.",2011,https://boxd.it/D9A
2024-12-19,A Very Bad Friend,2019,https://boxd.it/lIVw
2024-12-19,Tout schuss,2016,https://boxd.it/d3VY
2024-12-19,Babysitting,2014,https://boxd.it/7NUq
2024-12-19,Babysitting 2,2015,https://boxd.it/aTwK
2024-12-19,School Life,2019,https://boxd.it/lCau
2024-12-19,Asterix & Obelix: Mission Cleopatra,2002,https://boxd.it/268o
2024-12-19,Asterix & Obelix: The Middle Kingdom,2023,https://boxd.it/nSVq
2024-12-19,Coexist,2017,https://boxd.it/fllo
2024-12-19,Qu'est-ce qu'ils ont fait au bon Dieu ?,2019,https://boxd.it/lh7E
2024-12-19,Serial (Bad) Weddings 2,2019,https://boxd.it/igsq
2024-12-19,The Dinner Game,1998,https://boxd.it/1YJ2
2024-12-19,Le Prénom : la pièce de théâtre,2012,https://boxd.it/bYVW
2024-12-19,The Dream Team,2012,https://boxd.it/4k7y
2024-12-19,Case départ,2011,https://boxd.it/1Tq
2024-12-19,Little Miss Sunshine,2006,https://boxd.it/29EW
2024-12-19,Don't Die Too Hard!,2001,https://boxd.it/1Mec
2024-12-19,C'est la vie!,2017,https://boxd.it/fk34
2024-12-19,The Brice Man,2005,https://boxd.it/1INs
2024-12-19,Brice 3,2016,https://boxd.it/d3Ga
2024-12-19,Little White Lies,2010,https://boxd.it/JiI
2024-12-19,The Under-Gifted,1980,https://boxd.it/gF4
2024-12-19,La Chèvre,1981,https://boxd.it/1FEC
2024-12-19,A Difficult Year,2023,https://boxd.it/AteW
2024-12-19,The Party,1980,https://boxd.it/2aYy
2024-12-19,Samba,2014,https://boxd.it/84xI
2024-12-19,The Takedown,2022,https://boxd.it/tyJm
2024-12-19,Two Is a Family,2016,https://boxd.it/dk7w
2024-12-19,Christmas with the Tuches,2021,https://boxd.it/mFWI
2024-12-19,Arthur and the Invisibles,2006,https://boxd.it/1Xm2
2024-12-19,Arthur and the Revenge of Maltazard,2009,https://boxd.it/1tKI
2024-12-19,Arthur 3: The War of the Two Worlds,2010,https://boxd.it/VFO
2024-12-19,Arrival,2016,https://boxd.it/aNGk
2024-12-19,Poor Things,2023,https://boxd.it/tNWU
2024-12-19,The Last Voyage of the Demeter,2023,https://boxd.it/nzTq
2024-12-19,Hostel,2005,https://boxd.it/28ig
2024-12-19,Hostel: Part II,2007,https://boxd.it/28i6
2024-12-19,Hostel: Part III,2011,https://boxd.it/2qoc
2024-12-19,Justice League,2017,https://boxd.it/4w68
2024-12-19,Cadaver,2020,https://boxd.it/pSAG
2024-12-19,Choose or Die,2022,https://boxd.it/vDag
2024-12-19,Get In,2019,https://boxd.it/n2LI
2024-12-19,The Stronghold,2021,https://boxd.it/nDHe
2024-12-19,Street Flow,2019,https://boxd.it/mIIE
2024-12-19,Street Flow 2,2023,https://boxd.it/D9GC
2024-12-19,Yannick,2023,https://boxd.it/G2es
2024-12-19,The Mansion,2017,https://boxd.it/fy7a
2024-12-19,Little Nicholas,2009,https://boxd.it/1jCE
2024-12-19,La Source,2012,https://boxd.it/43dk
2024-12-19,Wandering Stars,2019,https://boxd.it/mwC0
2024-12-19,The Adventures of Tintin,2011,https://boxd.it/1Irc
2024-12-19,Mulan,1998,https://boxd.it/1VFw
2024-12-19,Hercules,1997,https://boxd.it/1SDW
2024-12-19,Bambi,1942,https://boxd.it/25AQ
2024-12-19,"Metal Fight Beyblade vs the Sun: Sol Blaze, the Scorching Hot Invader",2010,https://boxd.it/eJgU
2024-12-19,The Black Phone,2021,https://boxd.it/sqFE
2024-12-19,Slumdog Millionaire,2008,https://boxd.it/1S3E
2024-12-19,The Tale of The Princess Kaguya,2013,https://boxd.it/4JQI
2024-12-19,Molly's Game,2017,https://boxd.it/dSl8
2024-12-19,Nothing to Hide,2018,https://boxd.it/hxUa
2024-12-19,An Officer and a Spy,2019,https://boxd.it/dZbE
2024-12-19,Mission: Impossible – Fallout,2018,https://boxd.it/bSVc
2024-12-19,Les Misérables,2019,https://boxd.it/lAPA
2024-12-19,Men in Black,1997,https://boxd.it/2a0I
2024-12-19,Death Note,2017,https://boxd.it/bOS4
2024-12-19,Puss in Boots,2011,https://boxd.it/eL34
2024-12-19,Puss in Boots: The Three Diablos,2012,https://boxd.it/2Vfq
2024-12-19,The Bélier Family,2014,https://boxd.it/9HYg
2024-12-19,Billy and Buddy,2013,https://boxd.it/5dvg
2024-12-19,Camping,2006,https://boxd.it/1QYy
2024-12-19,Bis,2015,https://boxd.it/aut2
2024-12-19,Barbecue,2014,https://boxd.it/7kP2
2024-12-19,Junior,2014,https://boxd.it/7p4U
2024-12-19,3 Days Max,2023,https://boxd.it/AxDw
2024-12-19,The Mad Adventures of Rabbi Jacob,1973,https://boxd.it/29H2
2024-12-19,L'Avare,1974,https://boxd.it/zSds
2024-12-19,Le Gendarme de Saint-Tropez,1964,https://boxd.it/23Uk
2024-12-19,Serial Teachers,2013,https://boxd.it/5xY8
2024-12-19,Serial Teachers 2,2015,https://boxd.it/aCqq
2024-12-19,To the Top,2017,https://boxd.it/dYIC
2024-12-19,The Brand New Adventures of Aladdin,2018,https://boxd.it/gr3M
2024-12-19,The New Adventures of Aladdin,2015,https://boxd.it/bw1G
2024-12-19,All That Divides Us,2017,https://boxd.it/flkK
2024-12-19,One Hundred and One Dalmatians,1961,https://boxd.it/1SeC
2024-12-19,The Aristocats,1970,https://boxd.it/1X3Y
2024-12-19,30 Days Max,2020,https://boxd.it/mFI2
2024-12-20,Anatomy of a Fall,2023,https://boxd.it/yuDE
2024-12-21,Happy Death Day,2017,https://boxd.it/fDz4
2024-12-21,Happy Death Day 2U,2019,https://boxd.it/ixt6
2024-12-21,Gerald's Game,2017,https://boxd.it/buKa
2024-12-21,Ma,2019,https://boxd.it/i8Wi
2024-12-22,Everything Everywhere All at Once,2022,https://boxd.it/jUk4
2024-12-22,8 Mile,2002,https://boxd.it/2bew
2024-12-22,A History of Violence,2005,https://boxd.it/2bfa
2024-12-22,A Cure for Wellness,2016,https://boxd.it/bkQW
2024-12-22,West Side Story,2021,https://boxd.it/iwt0
2024-12-22,When They See Us,2019,https://boxd.it/kbJU
2024-12-22,Predestination,2014,https://boxd.it/6bJM
2024-12-22,Dirty Dancing,1987,https://boxd.it/2baY
2024-12-22,Vanilla Sky,2001,https://boxd.it/27TK
2024-12-22,Final Destination,2000,https://boxd.it/1YrC
2024-12-22,Fantastic Mr. Fox,2009,https://boxd.it/1WyQ
2024-12-22,Singin' in the Rain,1952,https://boxd.it/29oY
2024-12-22,Cam,2018,https://boxd.it/iWvG
2024-12-22,Welcome,2009,https://boxd.it/1LG0
2024-12-22,Paranormal Activity,2007,https://boxd.it/1yIM
2024-12-22,Disturbia,2007,https://boxd.it/20rk
2024-12-22,Paranormal Activity 2,2010,https://boxd.it/ZnO
2024-12-22,Paranormal Activity 3,2011,https://boxd.it/2o4O
2024-12-22,Project X,2012,https://boxd.it/neO
2024-12-22,Get Hard,2015,https://boxd.it/7Axe
2024-12-22,The Lego Movie,2014,https://boxd.it/4pDO
2024-12-22,Horrible Bosses,2011,https://boxd.it/Ba2
2024-12-22,Horrible Bosses 2,2014,https://boxd.it/6HWy
2024-12-22,Misery,1990,https://boxd.it/28gY
2024-12-22,Home Alone,1990,https://boxd.it/29Fg
2024-12-22,Downsizing,2017,https://boxd.it/9Ajq
2024-12-22,The Departed,2006,https://boxd.it/28MA
2024-12-22,Ted,2012,https://boxd.it/2pgc
2024-12-22,Ted 2,2015,https://boxd.it/6oCY
2024-12-22,Ben-Hur,2016,https://boxd.it/8c24
2024-12-22,War of the Worlds,2005,https://boxd.it/2bde
2024-12-22,The Shawshank Redemption,1994,https://boxd.it/2aHi
2024-12-22,Mike and Dave Need Wedding Dates,2016,https://boxd.it/aciK
2024-12-22,Neighbors,2014,https://boxd.it/5Txe
2024-12-22,Neighbors 2: Sorority Rising,2016,https://boxd.it/aA80
2024-12-22,Dirty Grandpa,2016,https://boxd.it/99pG
2024-12-22,We Are Your Friends,2015,https://boxd.it/9AlG
2024-12-22,Shrek the Third,2007,https://boxd.it/29yY
2024-12-22,American Pie,1999,https://boxd.it/27qy
2024-12-22,Back to the Future Part II,1989,https://boxd.it/2aYI
2024-12-22,Back to the Future Part III,1990,https://boxd.it/2aTS
2024-12-22,The Hunger Games: Mockingjay – Part 1,2014,https://boxd.it/4hka
2024-12-22,The Hunger Games: Mockingjay – Part 2,2015,https://boxd.it/4hk0
2024-12-22,The Mask,1994,https://boxd.it/29rS
2024-12-22,Robots,2005,https://boxd.it/1Xve
2024-12-22,Dumbo,1941,https://boxd.it/1U2o
2024-12-22,Tetris,2023,https://boxd.it/rePK
2024-12-22,It Follows,2014,https://boxd.it/87wo
2024-12-22,Turbo,2013,https://boxd.it/2Hzw
2024-12-22,Green Lantern,2011,https://boxd.it/QN4
2024-12-22,Logan,2017,https://boxd.it/7Piy
2024-12-22,The Wolverine,2013,https://boxd.it/2CWU
2024-12-22,Liar Liar,1997,https://boxd.it/28sg
2024-12-22,Polytechnique,2009,https://boxd.it/1AMG
2024-12-22,Longlegs,2024,https://boxd.it/KzLM
2024-12-22,The Boy,2016,https://boxd.it/apZi
2024-12-22,Annabelle,2014,https://boxd.it/7l84
2024-12-22,The Nun II,2023,https://boxd.it/AyRY
2024-12-22,Halloween,2018,https://boxd.it/f0uE
2024-12-22,Scary Movie,2000,https://boxd.it/24CG
2024-12-22,Tusk,2014,https://boxd.it/7eoa
2024-12-22,The Menu,2022,https://boxd.it/lScm
2024-12-22,You Should Have Left,2020,https://boxd.it/iDBA
2024-12-22,The Wave,2008,https://boxd.it/20OS
2024-12-22,The Maze Runner,2014,https://boxd.it/5YPM
2024-12-22,Maze Runner: The Scorch Trials,2015,https://boxd.it/9hwA
2024-12-22,Maze Runner: The Death Cure,2018,https://boxd.it/bakw
2024-12-22,Shéhérazade,2018,https://boxd.it/iNGA
2024-12-22,The Purge,2013,https://boxd.it/4Xg0
2024-12-22,Kill Bill: Vol. 2,2004,https://boxd.it/2au4
2024-12-22,Jackie Brown,1997,https://boxd.it/2aVO
2024-12-22,Kill Bill: The Whole Bloody Affair,2004,https://boxd.it/eCrQ
2024-12-22,No Time to Die,2021,https://boxd.it/cPX2
2024-12-22,The King's Man,2021,https://boxd.it/h714
2024-12-22,Ice Age,2002,https://boxd.it/2apS
2024-12-22,Ice Age: Dawn of the Dinosaurs,2009,https://boxd.it/20iC
2024-12-22,Ice Age: Continental Drift,2012,https://boxd.it/lQ2
2024-12-22,Modern Times,1936,https://boxd.it/25MC
2024-12-22,The Circus,1928,https://boxd.it/1orm
2024-12-22,The Gold Rush,1925,https://boxd.it/29ce
2024-12-22,The Gendarme and the Creatures from Outer Space,1979,https://boxd.it/1W4w
2024-12-22,The Miser,1980,https://boxd.it/1TfQ
2024-12-22,Oscar,1967,https://boxd.it/26hg
2024-12-22,The Gendarme in New York,1965,https://boxd.it/23Ua
2024-12-22,The Gendarme Takes Off,1970,https://boxd.it/1SMO
2024-12-22,The Discord,1978,https://boxd.it/1TDe
2024-12-22,The Invisible Man,2020,https://boxd.it/kWlA
2024-12-22,Unbreakable,2000,https://boxd.it/1XV2
2024-12-23,Mystic River,2003,https://boxd.it/2aAG
2024-12-23,Primal Fear,1996,https://boxd.it/28ws
2024-12-23,Triangle of Sadness,2022,https://boxd.it/hXlq
2024-12-24,Madagascar,2005,https://boxd.it/29dc
2024-12-24,Madagascar: Escape 2 Africa,2008,https://boxd.it/1W2K
2024-12-24,Madagascar 3: Europe's Most Wanted,2012,https://boxd.it/2NF6
2024-12-24,Amélie,2001,https://boxd.it/2aUc
2024-12-24,City of God,2002,https://boxd.it/2a2a
2024-12-24,Perfect Blue,1997,https://boxd.it/1W7A
2024-12-24,Lincoln,2012,https://boxd.it/2n2s
2024-12-24,10 Things I Hate About You,1999,https://boxd.it/23AO
2024-12-24,Death Proof,2007,https://boxd.it/27GG
2024-12-24,The Fifth Element,1997,https://boxd.it/71k
2024-12-25,Zero Day,2002,https://boxd.it/1sz0
2024-12-25,Your Name.,2016,https://boxd.it/cUqs
2024-12-25,Fallen Angels,1995,https://boxd.it/1UkW
2024-12-25,Hannibal,2001,https://boxd.it/1XVc
2024-12-25,The Meg,2018,https://boxd.it/bAL4
2024-12-25,Furious 7,2015,https://boxd.it/5cVs
2024-12-25,Meg 2: The Trench,2023,https://boxd.it/mLvo
2024-12-25,Elephant,2003,https://boxd.it/287i
2024-12-25,Thor,2011,https://boxd.it/1WQU
2024-12-25,Thor: The Dark World,2013,https://boxd.it/2DqA
2024-12-25,Vacation,2015,https://boxd.it/9n9M
2024-12-25,Yes Man,2008,https://boxd.it/1WPW
2024-12-25,Limitless,2011,https://boxd.it/Aly
2024-12-25,Harry Potter and the Deathly Hallows: Part 1,2010,https://boxd.it/1RYu
2024-12-25,Tangled,2010,https://boxd.it/15gO
2024-12-26,Hypnotic,2021,https://boxd.it/wFPM
2024-12-26,Kill Boksoon,2023,https://boxd.it/w53W
2024-12-27,Don't Move,2024,https://boxd.it/EfWy
2024-12-27,Velvet Buzzsaw,2019,https://boxd.it/gAy0
2024-12-27,M3GAN,2022,https://boxd.it/jxmG
2024-12-27,The Deliverance,2024,https://boxd.it/z4iM
2024-12-27,The Gray Man,2022,https://boxd.it/rb7q
2024-12-27,Murder on the Orient Express,2017,https://boxd.it/dHjA
2024-12-27,Zootopia,2016,https://boxd.it/84xS
2024-12-27,Aladdin,1992,https://boxd.it/29yE
2024-12-27,Climax,2018,https://boxd.it/ikvo
2024-12-27,Ant-Man,2015,https://boxd.it/3vmW
2024-12-27,Pirates of the Caribbean: Dead Men Tell No Tales,2017,https://boxd.it/5a9m
2024-12-27,Black Widow,2021,https://boxd.it/hWV8
2024-12-29,Minority Report,2002,https://boxd.it/2aWi
2024-12-29,Planet of the Apes,2001,https://boxd.it/29ps
2024-12-29,Funny Games,2007,https://boxd.it/207a
2024-12-29,Why Him?,2016,https://boxd.it/c3Wq
2024-12-29,The Descent,2005,https://boxd.it/1YNy
2024-12-29,Lucy,2014,https://boxd.it/75hu
2024-12-29,I Am Not Your Negro,2016,https://boxd.it/etXy
2024-12-29,White Fang,1991,https://boxd.it/1SeW
2024-12-29,Incredibles 2,2018,https://boxd.it/7IPg
2024-12-29,Wreck-It Ralph,2012,https://boxd.it/2TTS
2024-12-29,Ralph Breaks the Internet,2018,https://boxd.it/edAy
2024-12-29,Monsters University,2013,https://boxd.it/bQm
2024-12-29,The Hunchback of Notre Dame,1996,https://boxd.it/1VZQ
2024-12-29,Black Panther,2018,https://boxd.it/8MHs
2024-12-29,Sleeping Beauty,1959,https://boxd.it/1V9A
2024-12-29,Tarzan,1999,https://boxd.it/18YO
2024-12-29,Cinderella II: Dreams Come True,2002,https://boxd.it/1OIe
2024-12-29,A Bug's Life,1998,https://boxd.it/1Yyy
2024-12-29,Bolt,2008,https://boxd.it/1QXg
2024-12-29,Garfield,2004,https://boxd.it/1ZAA
2024-12-29,Balto,1995,https://boxd.it/1Cwq
2024-12-29,The Basketball Diaries,1995,https://boxd.it/1WaO
2024-12-29,Icarus,2017,https://boxd.it/fmje
2024-12-29,The Machinist,2004,https://boxd.it/248c
2024-12-30,I Am Legend,2007,https://boxd.it/21DG
2024-12-30,The Lift,1983,https://boxd.it/1TTm
2024-12-30,Love Actually,2003,https://boxd.it/2aeU
2025-01-01,A Little Something Extra,2024,https://boxd.it/HzIM
2025-01-01,Rio,2011,https://boxd.it/NKc
2025-01-01,Rio 2,2014,https://boxd.it/5jfy
2025-01-01,Maleficent: Mistress of Evil,2019,https://boxd.it/eSig
2025-01-01,The 40 Year Old Virgin,2005,https://boxd.it/21hK
2025-01-01,Instant Family,2018,https://boxd.it/hHpQ
2025-01-01,Percy Jackson & the Olympians: The Lightning Thief,2010,https://boxd.it/1gJi
2025-01-01,Percy Jackson: Sea of Monsters,2013,https://boxd.it/2D8m
2025-01-01,Alvin and the Chipmunks,2007,https://boxd.it/21E0
2025-01-01,Alvin and the Chipmunks: The Squeakquel,2009,https://boxd.it/1zgk
2025-01-01,The Smurfs,2011,https://boxd.it/Zcm
2025-01-01,The Smurfs 2,2013,https://boxd.it/2HvO
2025-01-01,Zarafa,2012,https://boxd.it/3hre
2025-01-01,Casper,1995,https://boxd.it/1ZMw
2025-01-01,It Chapter Two,2019,https://boxd.it/h10u
2025-01-02,Christmas Wonderland,2018,https://boxd.it/k5GK
2025-01-03,Avicii - I'm Tim,2024,https://boxd.it/ME0U
2025-01-03,Shrek Forever After,2010,https://boxd.it/1WRo
2025-01-03,Challengers,2024,https://boxd.it/zld0
2025-01-03,Anora,2024,https://boxd.it/Egcw
2025-01-04,American Psycho II: All American Girl,2002,https://boxd.it/1VxC
2025-01-04,Spirited Away,2001,https://boxd.it/2b4m
2025-01-04,Oliver Twist,2005,https://boxd.it/2aKG
2025-01-04,Return of the Jedi,1983,https://boxd.it/27Vm
2025-01-04,Raiders of the Lost Ark,1981,https://boxd.it/2bbs
2025-01-04,Train to Busan,2016,https://boxd.it/dSQU
2025-01-04,Cube,1997,https://boxd.it/2aoU
2025-01-04,The Nun,2018,https://boxd.it/fBkw
2025-01-04,Ghostland,2018,https://boxd.it/h5Uw
2025-01-04,Orphan,2009,https://boxd.it/1CgM
2025-01-04,RRRrrrr!!!,2004,https://boxd.it/1BnM
2025-01-04,Star Wars: Episode III – Revenge of the Sith,2005,https://boxd.it/27US
2025-01-04,Star Wars: Episode I – The Phantom Menace,1999,https://boxd.it/27Vc
2025-01-04,Star Wars: The Rise of Skywalker,2019,https://boxd.it/5xlK
2025-01-04,The Pianist,2002,https://boxd.it/2aqc
2025-01-04,Donnie Darko,2001,https://boxd.it/2b2A
2025-01-05,Eyes Wide Shut,1999,https://boxd.it/2axs
2025-01-05,Mad Max: Fury Road,2015,https://boxd.it/2DjO
2025-01-06,The Blair Witch Project,1999,https://boxd.it/26ua
2025-01-06,The Amazing Spider-Man,2012,https://boxd.it/27PI
2025-01-06,The Exorcist: Believer,2023,https://boxd.it/uotK
2025-01-06,It's What's Inside,2024,https://boxd.it/DOV4
2025-01-06,Rebel Ridge,2024,https://boxd.it/nZum
2025-01-07,Ghost in the Shell,1995,https://boxd.it/1YYc
2025-01-07,Hundreds of Beavers,2022,https://boxd.it/CyUM
2025-01-07,The Open House,2018,https://boxd.it/htmy
2025-01-07,Knock Knock,2015,https://boxd.it/7Q9s
2025-01-07,Insidious: The Red Door,2023,https://boxd.it/mIIu
2025-01-07,The Stepfather,2009,https://boxd.it/1Enq
2025-01-07,Transformers,2007,https://boxd.it/280c
2025-01-07,Don't Breathe,2016,https://boxd.it/9yzw
2025-01-07,Bye Bye Morons,2020,https://boxd.it/oekm
2025-01-07,Circle,2015,https://boxd.it/b5So
2025-01-07,Incantation,2022,https://boxd.it/wFiI
2025-01-09,American Gangster,2007,https://boxd.it/23wi
2025-01-10,Carlito's Way,1993,https://boxd.it/226e
2025-01-10,Munich,2005,https://boxd.it/2a0e
2025-01-10,Thomas Ngijol : L'Œil du tigre,2023,https://boxd.it/Jgjs
2025-01-12,Ad Vitam,2025,https://boxd.it/M4Yu
2025-01-13,Bird,2024,https://boxd.it/GGhm
2025-01-13,Taxi,1998,https://boxd.it/26UM
2025-01-14,Good Time,2017,https://boxd.it/fcFu
2025-01-17,Lady Bird,2017,https://boxd.it/dGNE
2025-01-17,The Dark Knight Rises,2012,https://boxd.it/H3m
2025-01-24,The Bonfire of the Vanities,1990,https://boxd.it/1Yj4
2025-01-25,Kitchen with Apartment,1993,https://boxd.it/11jE
2025-01-25,The Holdovers,2023,https://boxd.it/vHza
2025-01-26,Emilia Pérez,2024,https://boxd.it/AP3G
2025-01-26,Evil Dead Rise,2023,https://boxd.it/qIvo
2025-01-27,Lakeview Terrace,2008,https://boxd.it/1Qv2
2025-01-27,Operation Varsity Blues: The College Admissions Scandal,2021,https://boxd.it/u5UW
2025-01-27,Bitconned,2024,https://boxd.it/K4LG
2025-01-30,Fantasy Island,2020,https://boxd.it/jEVy
2025-01-31,The Outsider,2016,https://boxd.it/dMQa
2025-02-07,Inside,2023,https://boxd.it/AagY
2025-02-08,Venice Calling,2019,https://boxd.it/kVqu
2025-02-28,The Hatchet Wielding Hitchhiker,2023,https://boxd.it/E9tq
2025-03-02,Alita: Battle Angel,2019,https://boxd.it/e0rS
2025-03-04,Play,2019,https://boxd.it/jYC2
2025-03-04,Spectre,2015,https://boxd.it/6bXY
2025-03-04,Blue Is the Warmest Color,2013,https://boxd.it/4O40
2025-03-05,The Zone of Interest,2023,https://boxd.it/gJsA
2025-03-05,Flight 666,2018,https://boxd.it/jaAU
2025-03-15,Companion,2025,https://boxd.it/F04o
2025-03-15,Creep,2014,https://boxd.it/7l4c
2025-03-16,Goliath,2022,https://boxd.it/xppK
2025-03-16,Creep 2,2017,https://boxd.it/dSEO
2025-03-17,Junkyard Dog,2023,https://boxd.it/A9H0
2025-03-17,1408,2007,https://boxd.it/25Vu
2025-03-21,A Real Pain,2024,https://boxd.it/CjNG
2025-03-26,Skin,2018,https://boxd.it/kT0a
2025-03-29,Presence,2024,https://boxd.it/H88i
2025-03-30,Flow,2024,https://boxd.it/v1Ei
2025-03-30,Forrest Gump,1994,https://boxd.it/728
2025-03-31,Million Dollar Baby,2004,https://boxd.it/2bdI
2025-03-31,Conclave,2024,https://boxd.it/AO8q
2025-04-02,Infested,2023,https://boxd.it/Egl4
2025-04-08,Mean Streets,1973,https://boxd.it/2aSU
2025-04-15,Manon of the Spring,1986,https://boxd.it/24gA
2025-04-29,Host,2020,https://boxd.it/r5O4
2025-05-10,Flight,2012,https://boxd.it/35Ca
2025-05-10,The Beat That My Heart Skipped,2005,https://boxd.it/28CK
2025-05-14,Total Recall,1990,https://boxd.it/29qK
2025-05-14,In the Shadow of Iris,2016,https://boxd.it/dQWw
2025-05-15,The Fast and the Furious,2001,https://boxd.it/1XMu
2025-05-15,The Fast and the Furious: Tokyo Drift,2006,https://boxd.it/1Yeo
2025-05-24,Deep Water,2022,https://boxd.it/mVHk
2025-05-25,Final Destination Bloodlines,2025,https://boxd.it/l5y4
2025-06-08,Mission: Impossible – The Final Reckoning,2025,https://boxd.it/l7A2
2025-06-09,Come and See,1985,https://boxd.it/1w9q
2025-06-10,Mission: Impossible – Dead Reckoning,2023,https://boxd.it/l7zS
2025-07-07,The Royal Hotel,2023,https://boxd.it/zEvs
2025-07-14,The Purple Rose of Cairo,1985,https://boxd.it/1VeU
2025-07-14,Gone with the Wind,1939,https://boxd.it/29Fq
2025-07-14,"Salò, or the 120 Days of Sodom",1975,https://boxd.it/237s
2025-08-03,Flightplan,2005,https://boxd.it/1YZu
2025-08-04,6 Underground,2019,https://boxd.it/irU6
2025-08-04,White Chicks,2004,https://boxd.it/1SpK
2025-08-15,Weapons,2025,https://boxd.it/EMTM
2025-08-17,War of the Worlds,2025,https://boxd.it/so0a
2025-08-30,"HEC, admis sans les codes",2025,https://boxd.it/X01U
2025-09-02,The Visit,2015,https://boxd.it/9ssO
2025-09-08,Abigail,2024,https://boxd.it/G0NA
2025-09-14,The Strays,2023,https://boxd.it/Ees8
2025-09-22,The Conjuring: Last Rites,2025,https://boxd.it/Dh8e
2025-09-26,Adolescence,2025,https://boxd.it/TFGw
2025-09-26,Asteroid City,2023,https://boxd.it/s3ds
2025-09-26,Harakiri,1962,https://boxd.it/1NTU
2025-09-29,El Camino: A Breaking Bad Movie,2019,https://boxd.it/kv0q
2025-09-29,American History X,1998,https://boxd.it/2bdo
2025-10-06,Enemy,2013,https://boxd.it/5xtO
2025-10-20,The Woman in Cabin 10,2025,https://boxd.it/NfTM
2025-10-20,The Perfect Neighbor,2025,https://boxd.it/RSG6
2025-10-20,Special Day,2018,https://boxd.it/jY8m
2025-10-20,The Nurse,2017,https://boxd.it/gU0M
2025-10-20,Other Side of the Box,2018,https://boxd.it/lXsa
2025-10-20,RoboCop,2014,https://boxd.it/3m4k
2025-10-20,Glass,2019,https://boxd.it/g3uO
2025-10-20,Twinkle,2019,https://boxd.it/oxCO
2025-10-20,Alicia,2023,https://boxd.it/IqzS
2025-10-20,Don't Look in the Mirror,2022,https://boxd.it/VFKs
2025-10-20,Copy,2024,https://boxd.it/R2tO
2025-10-20,Identity,2003,https://boxd.it/26e2
2025-10-20,Spiderhead,2022,https://boxd.it/mLsO
2025-10-21,V/H/S,2012,https://boxd.it/2Y1c
2025-10-21,Splice,2009,https://boxd.it/17HW
2025-10-21,V/H/S: Viral,2014,https://boxd.it/80SW
2025-10-21,Eden Lake,2008,https://boxd.it/1Q1m
2025-10-21,If Anything Happens I Love You,2020,https://boxd.it/qIv4
2025-10-21,The Strange Thing About the Johnsons,2011,https://boxd.it/56nO
2025-10-21,World of Tomorrow,2015,https://boxd.it/9Gr6
2025-10-23,Kaizen,2024,https://boxd.it/PRJY
2025-10-23,Serial (Bad) Weddings,2014,https://boxd.it/7Nw4
2025-10-23,Family Pack,2024,https://boxd.it/Fhmu
2025-10-23,Quantum of Solace,2008,https://boxd.it/1Vs8
2025-10-23,"I, Robot",2004,https://boxd.it/27y8
2025-10-25,"South Park: Bigger, Longer & Uncut",1999,https://boxd.it/1YAO
2025-10-26,Dead Poets Society,1989,https://boxd.it/2aSg
2025-10-27,November,2022,https://boxd.it/v3JO
2025-10-27,Call Me by Your Name,2017,https://boxd.it/dYmm
2025-10-27,Gimme Shelter,2013,https://boxd.it/6Q0o
2025-10-29,See You Up There,2017,https://boxd.it/fg2Q
2025-10-29,The Lord of the Rings: The Return of the King,2003,https://boxd.it/2b5u
2025-10-29,The Lord of the Rings: The Two Towers,2002,https://boxd.it/2b5E
2025-11-02,Dog 51,2025,https://boxd.it/MhAA
2025-11-02,MaXXXine,2024,https://boxd.it/CIM4
2025-11-02,The Boy in the Striped Pyjamas,2008,https://boxd.it/1NOK
2025-11-02,Ballad of a Small Player,2025,https://boxd.it/MuZ4
2025-11-03,Flatliners,2017,https://boxd.it/e4CK
2025-11-03,A Prophet,2009,https://boxd.it/1BGE
2025-11-03,Chicken Little,2005,https://boxd.it/1Xnu
2025-11-03,Big Hero 6,2014,https://boxd.it/5rje
2025-11-03,Battle Royale,2000,https://boxd.it/25zS
2025-11-09,Memories of Murder,2003,https://boxd.it/1TSo
2025-11-09,A Quiet Place Part II,2020,https://boxd.it/iTx0
2025-11-09,Coraline,2009,https://boxd.it/1NhQ
2025-11-10,Aftersun,2022,https://boxd.it/Arw0
2025-11-10,Arthur - Le Spectacle,2011,https://boxd.it/owpk
2025-11-10,LOL (Laughing Out Loud),2008,https://boxd.it/2lxI
2025-11-10,Kev Adams - The Young Man Show,2011,https://boxd.it/2M7W
2025-11-10,The Long Walk,2025,https://boxd.it/mic8
2025-11-10,Hunter x Hunter: Phantom Rouge,2013,https://boxd.it/6jPI
2025-11-10,Kyan Khojandi : Pulsions,2019,https://boxd.it/lzfm
2025-11-10,"The Chronicles of Narnia: The Lion, the Witch and the Wardrobe",2005,https://boxd.it/2ark
2025-11-10,The Chronicles of Narnia: Prince Caspian,2008,https://boxd.it/26Hy
2025-11-10,The Chronicles of Narnia: The Voyage of the Dawn Treader,2010,https://boxd.it/1WZs
2025-11-10,Jurassic World,2015,https://boxd.it/4n0g
2025-11-10,Happy Feet,2006,https://boxd.it/1XH0
2025-11-10,Smile 2,2024,https://boxd.it/FDA4
2025-11-10,Asterix at the Olympic Games,2008,https://boxd.it/26Nw
2025-11-10,Germinal,1993,https://boxd.it/A6y
2025-11-10,The Fugitives,1986,https://boxd.it/1lPg
2025-11-12,What Keeps You Alive,2018,https://boxd.it/ic9Y
2025-11-12,Alien,1979,https://boxd.it/2awY
2025-11-12,Psycho,1960,https://boxd.it/2ab2
2025-11-12,Sinners,2025,https://boxd.it/KQMM
2025-11-12,Audition,1999,https://boxd.it/1UHm
2025-11-13,Bad Match,2017,https://boxd.it/fesi
2025-11-13,Earth and Blood,2020,https://boxd.it/ownI
2025-11-13,PNL - Dans la légende tour,2020,https://boxd.it/r3fw
2025-11-15,(500) Days of Summer,2009,https://boxd.it/1EmM
2025-11-15,Would You Rather,2012,https://boxd.it/3m0W
2025-11-16,Boogie Nights,1997,https://boxd.it/23um
2025-11-16,[REC],2007,https://boxd.it/20ma
2025-11-16,Gladiator II,2024,https://boxd.it/kqQQ
2025-11-17,Point Blank,2010,https://boxd.it/dP6
2025-11-17,The Connection,2014,https://boxd.it/5XHi
2025-11-17,Rascals,2022,https://boxd.it/zir4
2025-11-18,Idiocracy,2006,https://boxd.it/20RW
2025-11-18,Souleymane's Story,2024,https://boxd.it/HQVy
2025-11-18,Down by Love,2016,https://boxd.it/dgNI
2025-11-18,Ponyo,2008,https://boxd.it/1S0A
2025-11-18,The Dictator,2012,https://boxd.it/2DEW
2025-11-19,One Battle After Another,2025,https://boxd.it/DUHM
2025-11-19,Unbroken,2014,https://boxd.it/6IaA
2025-11-19,His House,2020,https://boxd.it/l8Qq
2025-11-19,Bird Box,2018,https://boxd.it/eh1i
2025-11-19,The Double,2013,https://boxd.it/4DLW
2025-11-20,The Running Man,2025,https://boxd.it/u36A
2025-11-21,Past Lives,2023,https://boxd.it/oNB8
2025-11-21,Mysterious Skin,2004,https://boxd.it/1UsG
2025-11-21,Trainwreck: Mayor of Mayhem,2025,https://boxd.it/V6x4
2025-11-21,The Truth About Jussie Smollett?,2025,https://boxd.it/Wsru
2025-11-21,Zombieland: Double Tap,2019,https://boxd.it/bgb6
2025-11-21,The Princess and the Frog,2009,https://boxd.it/1WQq
2025-11-22,First They Killed My Father,2017,https://boxd.it/fmCK
2025-11-24,Perfect Days,2023,https://boxd.it/ATh8
2025-11-24,McWalter,2025,https://boxd.it/NDz2
2025-11-24,Friends with Benefits,2011,https://boxd.it/DoK
2025-11-24,In Time,2011,https://boxd.it/FPS
2025-11-26,The Proposal,2009,https://boxd.it/1HiS
2025-11-26,Heat,1995,https://boxd.it/2bg8
2025-11-26,Sister of the Bride,2019,https://boxd.it/muIK
2025-11-27,Cobweb,2023,https://boxd.it/qywG
2025-11-28,Mulholland Drive,2001,https://boxd.it/297o
2025-11-30,The King,2019,https://boxd.it/ieZs
2025-11-30,Harkis,2008,https://boxd.it/3mBS
2025-11-30,Mad Dog Morgan,1976,https://boxd.it/grQ
2025-12-02,The Ring,2002,https://boxd.it/2a70
2025-12-03,Children Underground,2001,https://boxd.it/AHE
2025-12-04,I Know What You Did Last Summer,2025,https://boxd.it/EY8y
2025-12-04,The Ritual,2017,https://boxd.it/fo0I
2025-12-07,The Lobster,2015,https://boxd.it/7tnw
2025-12-13,The Watchers,2024,https://boxd.it/F6Rw
2025-12-17,Alice,2024,https://boxd.it/PInO
2025-12-21,Mother,2023,https://boxd.it/PHmU
2025-12-28,The Lives of Others,2006,https://boxd.it/2a4A
2025-12-30,Mr. Nice Guy,1997,https://boxd.it/1VNK
2025-12-31,Speak No Evil,2024,https://boxd.it/G9f8
2026-01-01,17 Again,2009,https://boxd.it/1Jnq
2026-01-01,Bad Teacher,2011,https://boxd.it/yXA
2026-01-01,La Colle,2017,https://boxd.it/fJhA
2026-01-01,A New Girl in Paris!,2018,https://boxd.it/gO6E
2026-01-18,21,2008,https://boxd.it/20BO
2026-01-25,Apostle,2018,https://boxd.it/f0so
2026-01-25,The Great Flood,2025,https://boxd.it/B88g
2026-02-09,Anniversary,2025,https://boxd.it/GAYY
2026-03-08,The Handmaiden,2016,https://boxd.it/948A
2026-03-08,Bugonia,2025,https://boxd.it/qeWY
2026-03-08,Night Always Comes,2025,https://boxd.it/LMMq
2026-03-12,The Perks of Being a Wallflower,2012,https://boxd.it/2ZA8
2026-03-14,I Saw the Devil,2010,https://boxd.it/FaK
2026-03-15,28 Days Later,2002,https://boxd.it/2aXU
2026-03-15,Birdman or (The Unexpected Virtue of Ignorance),2014,https://boxd.it/5RFA
2026-03-15,Goodnight Mommy,2014,https://boxd.it/8Niy
2026-03-16,How to Make a Killing,2026,https://boxd.it/gLi8
2026-03-16,Jack and the Cuckoo-Clock Heart,2013,https://boxd.it/68tc
2026-03-25,Son of Saul,2015,https://boxd.it/b6r4
2026-03-25,Marty Supreme,2025,https://boxd.it/Off0
2026-03-28,Normal People,2020,https://boxd.it/q2VY
2026-03-28,The Favourite,2018,https://boxd.it/d2hI
2026-03-30,Paranormal Activity 4,2012,https://boxd.it/2UGq
2026-03-31,Videodrome,1983,https://boxd.it/29uC
